customer_number,berlangganan_deposito
445420,0.04
585604,0.07
888824,0.02
816820,0.02
542716,0.05
937852,0.0
434084,0.15
230861,0.05
159684,0.46
274159,0.08
415073,0.02
839604,0.86
222848,0.01
746851,0.07
359083,0.03
764740,0.25
532666,0.06
542489,0.02
683800,0.01
393880,0.0
346443,0.11
722690,0.0
797639,0.14
974186,0.59
774649,0.03
482188,0.09
312516,0.08
363861,0.01
714683,0.0
708370,0.08
371413,0.13
630217,0.03
571146,0.18
962328,0.09
470375,0.05
945629,0.0
179592,0.02
744791,0.09
289641,0.61
595829,0.03
620262,0.34
738283,0.09
288862,0.49
854233,0.04
401365,0.06
671370,0.05
307359,0.12
845744,0.02
833496,0.07
889877,0.03
600454,0.56
595366,0.26
299980,0.23
316195,0.21
892132,0.18
429227,0.26
568864,0.09
453514,0.04
655724,0.12
405125,0.03
357624,0.08
706564,0.01
328177,0.16
322194,0.03
415259,0.09
737899,0.15
934827,0.05
932482,0.01
452141,0.09
252326,0.04
543165,0.02
961597,0.03
529109,0.04
830645,0.105
628282,0.14
989235,0.35
779931,0.05
171152,0.34
467849,0.01
424751,0.13
335651,0.12
960826,0.06
307645,0.05
126669,0.0
876278,0.08
464099,0.02
682185,0.0
912996,0.02
540820,0.0
667534,0.02
232173,0.07
503340,0.06
524302,0.25
722557,0.08
217598,0.02
169002,0.21
651324,0.12
663126,0.04
621228,0.01
963929,0.1
809507,0.09
453945,0.03
743732,0.5
385403,0.69
241287,0.54
737937,0.08
125159,0.04
122370,0.07
814180,0.05
945339,0.0
364136,0.11
343072,0.04
938465,0.23
149951,0.04
222232,0.02
832629,0.02
296781,0.02
748715,0.05
604027,0.26
859866,0.04
792616,0.07
465754,0.03
678835,0.04
998270,0.31
166767,0.05
739982,0.19
806252,0.02
921673,0.11
611081,0.13
818716,0.18
230739,0.01
216209,0.11
516335,0.0
644791,0.01
176058,0.06
979898,0.03
503495,0.02
878173,0.03
722870,0.06
724786,0.04
659692,0.08
159203,0.03
155945,0.08
277862,0.04
873897,0.3
445443,0.02
818967,0.0
478589,0.14
991622,0.07
511840,0.02
459299,0.07
822075,0.11
523100,0.1
304343,0.03
221439,0.02
818521,0.1
728235,0.01
917490,0.22
108047,0.09
104801,0.02
273368,0.82
676406,0.01
278995,0.04
112831,0.75
601516,0.13
296954,0.44
982848,0.05
428287,0.11
679849,0.0
744389,0.02
558008,0.05
861444,0.0
826041,0.01
869683,0.05
800301,0.0
590588,0.01
476971,0.06
897567,0.31
710714,0.03
791479,0.0
198512,0.02
726908,0.47
465365,0.01
487974,0.02
103998,0.77
450545,0.02
700295,0.31
592903,0.06
740969,0.05
545984,0.65
792271,0.48
638055,0.02
905049,0.16
769789,0.09
285737,0.07
697928,0.02
539662,0.56
426578,0.06
914620,0.07
122847,0.1
448954,0.09
664546,0.02
252673,0.01
379979,0.02
739389,0.0
896794,0.39
922027,0.08
788709,0.02
226556,0.42
635801,0.26
724670,0.11
456865,0.02
789206,0.04
713452,0.02
503601,0.05
694845,0.01
699198,0.08
871218,0.04
701739,0.44
792667,0.15
265126,0.04
985164,0.04
225460,0.0
277911,0.07
131758,0.05
396481,0.04
224647,0.07
763141,0.09
579637,0.11
534004,0.03
390471,0.09
585692,0.02
487001,0.05
274990,0.02
676316,0.16
468239,0.02
212058,0.03
967235,0.02
464472,0.08
269117,0.14
582426,0.02
576946,0.05
932807,0.03
689967,0.28
189240,0.01
628987,0.04
581662,0.01
294999,0.01
219955,0.07
496583,0.09
494591,0.08
232619,0.16
472050,0.17
729890,0.67
426399,0.03
322143,0.02
110452,0.21
183222,0.29
913723,0.0
830481,0.26
378477,0.08
296209,0.03
190961,0.01
230615,0.04
267515,0.03
373488,0.03
978201,0.04
477140,0.06
485900,0.63
869092,0.0
223766,0.03
690418,0.05
758624,0.33
615065,0.02
591932,0.0
308745,0.04
913671,0.11
834323,0.0
659254,0.2
193611,0.01
750025,0.3
537106,0.12
898654,0.07
210175,0.02
288396,0.11
737836,0.02
421587,0.02
529398,0.02
639811,0.57
284972,0.0
514337,0.01
271244,0.01
328686,0.02
362004,0.16
816914,0.04
507435,0.26
712306,0.12
254685,0.05
386884,0.08
851130,0.12
460150,0.68
811973,0.11
745161,0.02
315385,0.02
563315,0.01
338389,0.04
365425,0.41
561291,0.01
270500,0.24
196114,0.07
997564,0.0
992095,0.65
876322,0.57
276632,0.06
560577,0.6
680475,0.0
930873,0.1
555807,0.04
946777,0.3
188093,0.33
482963,0.51
193273,0.27
283090,0.22
848119,0.03
497484,0.49
356839,0.01
632869,0.0
406814,0.02
641533,0.06
301093,0.09
660104,0.16
780953,0.03
340391,0.06
784427,0.05
338068,0.01
329629,0.72
113787,0.79
203540,0.05
651214,0.03
201370,0.71
476381,0.030833333333333334
915265,0.0
474798,0.52
719689,0.01
412655,0.06
277752,0.05
802606,0.08
125987,0.66
658738,0.04
889189,0.11
706482,0.08
531267,0.33
942505,0.07
482784,0.02
939997,0.06
377166,0.05
231926,0.02
176651,0.2
257866,0.29
611931,0.15
366275,0.04
191757,0.06
226569,0.37766666666666665
326799,0.03
596151,0.02
883193,0.16
484656,0.59
591478,0.02
644854,0.42
941581,0.02
970704,0.11
671104,0.03
605449,0.33
714827,0.04
573043,0.56
113680,0.14
123503,0.25
346346,0.11
951809,0.03
615098,0.09
699715,0.02
840866,0.05
266799,0.02
317131,0.07
742332,0.57
699479,0.07
805118,0.37
558782,0.12
508840,0.08
906755,0.04
193533,0.17
772363,0.02
547284,0.01
520405,0.08
365655,0.26
662595,0.58
468769,0.18
291644,0.04
731503,0.26
594134,0.02
128805,0.06
887876,0.04
563616,0.04
212992,0.07
616978,0.03
263193,0.01
770567,0.16
761233,0.1
354673,0.04
727914,0.06
632569,0.06
129143,0.05
114071,0.09
357009,0.03
425626,0.05
948230,0.35
853830,0.06
400981,0.11
639476,0.83
502379,0.09
687983,0.01
275643,0.17
237839,0.0
239402,0.44
514148,0.04
655574,0.05
424505,0.11
261742,0.36
830778,0.18
307564,0.05
181282,0.51
579268,0.42
517628,0.02
311591,0.07
407559,0.1
951533,0.07
721635,0.01
850812,0.37
107682,0.02
666748,0.01
741527,0.14
142367,0.07
462241,0.07
774990,0.03
136689,0.04
164173,0.01
804037,0.0
457631,0.11
791214,0.01
878170,0.02
903342,0.04
906625,0.04
198012,0.19
423121,0.15
156421,0.0
889223,0.0
791237,0.45
384223,0.09
920888,0.11
376661,0.07
519558,0.02
509405,0.03
791661,0.02
838833,0.03
825702,0.08
283713,0.03
108910,0.02
273331,0.03
261172,0.04
761571,0.74
557998,0.06
703637,0.07
160766,0.03
292105,0.05
629895,0.02
774393,0.01
823228,0.01
760033,0.07
964709,0.0
961596,0.03
261557,0.01
398386,0.03
277847,0.03
347117,0.02
509511,0.06
135224,0.12
774196,0.13
792898,0.2
146314,0.06
988194,0.06
395927,0.05
327809,0.03
736873,0.52
516580,0.31
985329,0.01
558567,0.03
925730,0.5
164744,0.01
503998,0.01
282684,0.06
808384,0.19
677653,0.4
257897,0.07
218317,0.23
559583,0.02
702925,0.01
398657,0.07
487712,0.01
581840,0.06
962115,0.02
382155,0.08
741023,0.27
935298,0.01
757002,0.08
141073,0.06
260333,0.03
874774,0.04
588209,0.29
235081,0.08
107084,0.34
776069,0.04
172979,0.04
908725,0.03
766796,0.05
780310,0.12
819765,0.01
430225,0.06
932885,0.05
282265,0.38
260373,0.07
321170,0.02
290568,0.05
556679,0.01
103617,0.02
293186,0.02
552893,0.44
518121,0.02
613049,0.05
687696,0.09
711788,0.06
431456,0.27
875671,0.08
484021,0.03
236313,0.07
622396,0.04
823381,0.13
187789,0.06
839701,0.0
685317,0.06
677132,0.02
121744,0.25
219806,0.07
919629,0.67
888312,0.12
892436,0.04
452788,0.05
163672,0.15
815566,0.18
598304,0.05
102554,0.17
742910,0.08
764844,0.03
416635,0.1
350848,0.01
470818,0.24
112219,0.11
777822,0.01
830386,0.0
268295,0.03
588958,0.0
376112,0.24
514275,0.05
625874,0.02
525295,0.31
503410,0.07
663505,0.35
634361,0.04
769693,0.12
721139,0.59
663983,0.02
779566,0.0
284570,0.02
338882,0.0
364089,0.1
624286,0.04
193216,0.0
323768,0.04
168181,0.04
616794,0.58
396977,0.41
538185,0.01
526965,0.06
733420,0.02
782369,0.04
599377,0.01
758934,0.06
301650,0.48
250423,0.2
792025,0.01
167555,0.02
473616,0.2
489903,0.32
451261,0.07
961710,0.38
206927,0.39
976333,0.52
212032,0.29
483343,0.02
966042,0.02
350008,0.0
671255,0.11
722566,0.03
110031,0.06
362821,0.07
809080,0.04
830009,0.07
415836,0.03
809321,0.06
919932,0.06
900638,0.36
292525,0.07
377981,0.03
145291,0.51
315570,0.02
634587,0.0
504885,0.13
590261,0.04
757109,0.04
680181,0.07
851343,0.11
353504,0.08
255646,0.71
760419,0.17
683943,0.07
175460,0.34
904416,0.17
627698,0.0
330021,0.07
249346,0.49
826346,0.03
220053,0.46
570394,0.01
421228,0.02
628649,0.02
104061,0.06
155920,0.02
712901,0.04
721599,0.01
511978,0.52
511452,0.02
105174,0.06
136226,0.06
699591,0.06
419037,0.01
876037,0.61
362559,0.06
291680,0.3233333333333333
733338,0.03
439891,0.19
208916,0.11
227745,0.04
504364,0.08
292595,0.15
717721,0.06
366168,0.09
910012,0.07
268179,0.03
621760,0.03
975254,0.03
788683,0.48
923077,0.03
547388,0.24
773048,0.25
944699,0.1
789430,0.075
502477,0.1
875944,0.08
325272,0.05
228527,0.03
781482,0.12
667867,0.84
367892,0.04
136584,0.05
291901,0.11
349743,0.08
861705,0.01
566659,0.05
512030,0.03
914268,0.015
642152,0.02
426463,0.1
511344,0.01
921066,0.06
985584,0.02
661083,0.01
996114,0.2
387514,0.07
381528,0.05
162961,0.02
555013,0.02
535152,0.43
475115,0.05
935447,0.07
843198,0.04
631515,0.03
622904,0.03
145988,0.1
959390,0.04
907198,0.08
487453,0.1
800533,0.23
476283,0.03
343972,0.54
741149,0.19
245990,0.05
165516,0.01
874280,0.02
678128,0.21
554259,0.02
852922,0.04
186697,0.04
774948,0.02
316189,0.01
556867,0.09
519834,0.06
386427,0.29
508180,0.33
431624,0.01
898887,0.05
882939,0.02
470949,0.6
223051,0.0
483352,0.29
158992,0.03
900835,0.31
483440,0.04
775866,0.05
138479,0.06
456408,0.06
439842,0.01
593003,0.0
641365,0.03
733316,0.05
194454,0.11
304062,0.09
425695,0.04
533038,0.0
184894,0.04
555385,0.47
922638,0.1
688754,0.03
399874,0.1
929291,0.07
568532,0.19
842824,0.05
764804,0.6
979210,0.69
203367,0.02
721106,0.0
431805,0.0
148561,0.08
155910,0.06
719584,0.1
547841,0.01
370363,0.04
987459,0.57
524623,0.01
318506,0.15
738065,0.14
536910,0.05
113505,0.01
528115,0.0
998104,0.01
701941,0.06
600765,0.05
912236,0.0
715343,0.01
169560,0.06
982541,0.03
954441,0.03333333333333333
505052,0.43
161650,0.0
679545,0.03
529279,0.02
332491,0.49
423585,0.69
285703,0.06
943858,0.05
934020,0.04
127458,0.18
477970,0.02
790396,0.09
798212,0.07
143358,0.1
738403,0.07
943637,0.07
747813,0.03
594268,0.0
111832,0.03
452341,0.09
613068,0.85
480200,0.0
116804,0.05
242523,0.095
202576,0.3
630895,0.09
376354,0.36
372225,0.0
476713,0.5
627363,0.14
853093,0.08
362776,0.09
954885,0.04
676826,0.14
387586,0.84
296504,0.17
579583,0.03
206907,0.74
803662,0.0
722665,0.0
973640,0.03
532815,0.06
259070,0.33
159704,0.02
990664,0.16
312624,0.01
613697,0.01
783332,0.05
772131,0.22
626397,0.14
432438,0.03
360201,0.15
884791,0.0
784121,0.04
621563,0.0
773517,0.1
596094,0.05
339244,0.01
829911,0.06
598316,0.23
189458,0.08
823422,0.02
104967,0.09
331844,0.03
405309,0.07
515004,0.02
877246,0.04
574715,0.04
859845,0.01
113391,0.03
122758,0.06
710696,0.42
391468,0.05
669517,0.0
985862,0.01
634561,0.01
782111,0.04
916633,0.05
434053,0.1
739961,0.03
961165,0.14
384901,0.09
337796,0.03
181668,0.09
685269,0.05
226249,0.1
237906,0.65
905164,0.1
243348,0.12
355221,0.13
741014,0.06
634162,0.3
829267,0.01
511632,0.02
339174,0.02
656992,0.05
275191,0.05
108926,0.17
910538,0.06
218542,0.02
271838,0.02
779496,0.07
863441,0.06
623121,0.04
902757,0.14
269790,0.09
543630,0.08
719944,0.41
793652,0.02
312255,0.03
378575,0.01
738702,0.09
376044,0.07
987982,0.08
151938,0.0
834468,0.02
375431,0.26
565905,0.14
976179,0.03
248338,0.04
691635,0.08
235231,0.07
408460,0.09
246485,0.09
842822,0.23
654204,0.0
993495,0.01
448062,0.03
758525,0.02
393125,0.01
878284,0.45
607521,0.03
149654,0.34
452703,0.09
154128,0.04
871565,0.17
428066,0.02
815201,0.02
305739,0.04
959156,0.42
609625,0.05
660734,0.09
440396,0.1
816923,0.43
282232,0.01
255688,0.02
913695,0.01
499950,0.15
756911,0.05
330524,0.02
732539,0.12
517668,0.05
744812,0.06
353231,0.03
665014,0.03
236358,0.05
306780,0.02
680302,0.11
237672,0.05
349135,0.01
350626,0.05
722005,0.01
543884,0.06
417860,0.12
884523,0.26
769775,0.56
216516,0.02
849763,0.07
129978,0.0
385873,0.17
166015,0.25
539837,0.37
340729,0.19
817019,0.01
518359,0.0
890386,0.02
357487,0.0
810870,0.75
884822,0.05
626494,0.01
822487,0.09
979979,0.23
201017,0.02
631627,0.06
790135,0.04
236296,0.01
917110,0.02
668342,0.25
538537,0.03
803156,0.34
798276,0.1
808968,0.18
233445,0.08
878457,0.05
257589,0.04
620716,0.77
492307,0.09
914249,0.02
814795,0.14
223327,0.04
999666,0.15
232597,0.04
732847,0.06
797579,0.54
238331,0.01
344632,0.08
678360,0.45
873791,0.15
972455,0.49
697697,0.0
995909,0.09
220057,0.11
776053,0.08
229253,0.02
404191,0.05
175798,0.01
305320,0.0
963293,0.06
494345,0.26
796487,0.04
902844,0.01
979285,0.01
236894,0.06
996596,0.01
496284,0.05
406779,0.05
838391,0.03
609622,0.04
524636,0.04
632879,0.05
880775,0.03
625921,0.38
953770,0.01
885556,0.18
240908,0.58
418944,0.09
278104,0.06
637269,0.31
440836,0.09
343235,0.07
990724,0.04
418601,0.05
548858,0.39
974002,0.01
217566,0.01
240047,0.03
980393,0.25
817291,0.04
256451,0.48
516430,0.08
942895,0.01
264370,0.1
451367,0.03
240715,0.07
964667,0.81
206119,0.05
627723,0.01
323589,0.22
898537,0.07
221875,0.35
771612,0.08
417966,0.02
229594,0.03
347237,0.05
720756,0.0
359387,0.0
502282,0.03
707891,0.09
701641,0.27
911058,0.14
778648,0.0
150740,0.06
726459,0.04
352835,0.04
998199,0.03
537770,0.03
913598,0.03
424160,0.0
891122,0.02
285053,0.32
180572,0.05
431017,0.15
623249,0.02
268030,0.5
733656,0.07
472161,0.01
105251,0.6
702364,0.04
406237,0.0
284252,0.71
422300,0.12
206226,0.04
112294,0.14
506467,0.13
779201,0.05
177181,0.08
739077,0.08
780166,0.29
715140,0.13
987739,0.02
610130,0.05
346603,0.06
396122,0.02
362859,0.45
122466,0.29
505563,0.08
208188,0.06
105897,0.03
936345,0.15
611401,0.03
893527,0.23
278044,0.03
507638,0.02
684265,0.11
953274,0.01
903090,0.05
550553,0.34
780792,0.17
774879,0.07
412912,0.03
888346,0.01
655159,0.03
417003,0.06
801696,0.03
812223,0.02
180807,0.45
776141,0.04
438243,0.55
345123,0.02
217136,0.15
668640,0.09
584534,0.0
951542,0.03
400005,0.25
292800,0.06
427255,0.11
478722,0.07
334717,0.04
959754,0.56
349631,0.45
660768,0.04
551886,0.07
103390,0.04
480980,0.02
504579,0.55
861856,0.0
154287,0.67
972101,0.01
855398,0.08
672857,0.05
353344,0.06
902979,0.77
665115,0.04
537589,0.01
299325,0.03
238839,0.02
660438,0.11
497205,0.02
437779,0.03
332773,0.16
597293,0.01
817638,0.26
216981,0.04
580720,0.04
128262,0.06
547771,0.03
274688,0.05
437111,0.3
603592,0.65
331864,0.08
132021,0.05
184088,0.05
429547,0.03
795809,0.29
663319,0.07
349035,0.05
331143,0.13
394480,0.02
985330,0.1
370460,0.03
202413,0.11
648274,0.04
436176,0.02
197958,0.0
926576,0.11
222881,0.14
868842,0.51
808019,0.12
844136,0.16
777515,0.04
226540,0.09
836103,0.04
953798,0.06
131344,0.03
887061,0.06
801165,0.51
967494,0.07
797111,0.04
997115,0.03
168095,0.03
510134,0.01
153929,0.03
559623,0.04
756131,0.12
261402,0.07
712521,0.08
177515,0.11
423199,0.04
157255,0.07
322970,0.01
947545,0.05
612007,0.02
746146,0.02
201485,0.01
331729,0.04
258994,0.1
569000,0.05
320431,0.02
846132,0.02
430149,0.12
151364,0.04
126300,0.16
883017,0.06
457251,0.1
324895,0.21
818690,0.43
862434,0.02
789451,0.02
107325,0.01
753602,0.03
356797,0.03
605955,0.03
789332,0.01
888709,0.03
678026,0.02
653139,0.05
158493,0.52
455434,0.18
830018,0.03
769323,0.07
622025,0.06
741319,0.08
682576,0.07
953486,0.01
796942,0.14
576899,0.1
964331,0.02
814878,0.0
505351,0.07
712482,0.02
142112,0.04
792093,0.03
173543,0.03
169935,0.04
311515,0.09
547136,0.03
284411,0.03
289820,0.08
603698,0.03
523077,0.05
758530,0.17
282707,0.04
616739,0.07
610217,0.05
221588,0.05
102294,0.02
239335,0.08
644179,0.04
724406,0.24
420048,0.04
298810,0.08
481721,0.01
477158,0.11
479409,0.06
905561,0.02
670154,0.07
523706,0.04
327232,0.13
262378,0.09
145404,0.07
191359,0.01
776698,0.19
496577,0.13
965943,0.03
474956,0.13
373556,0.15
950296,0.27
783965,0.01
461596,0.05
199401,0.04
413849,0.04
415825,0.65
753852,0.13
687293,0.12
246613,0.09
156228,0.82
392728,0.01
311087,0.02
934925,0.35
457402,0.05
552919,0.02
389034,0.54
503787,0.02
700984,0.46
806991,0.37
674603,0.02
684591,0.34
816100,0.0
927824,0.415
191967,0.1
248968,0.0
235375,0.06
426540,0.05
103132,0.01
112674,0.04
485762,0.19
325685,0.04
201769,0.11
108973,0.31
819475,0.02
607041,0.01
615766,0.41
532736,0.14
731066,0.06
308180,0.81
562278,0.06
962037,0.26
145255,0.05
872647,0.13
516401,0.03
564105,0.05
203657,0.04
784507,0.0
596598,0.06
596729,0.03
987871,0.0
983467,0.3
653335,0.47
299026,0.14
278052,0.05
379822,0.1
802504,0.23
291700,0.16
463736,0.09
599909,0.0
381649,0.03
215841,0.03
653755,0.07
982993,0.09
115852,0.21
299575,0.01
295540,0.04
482818,0.02
681188,0.01
497001,0.0
174312,0.0
913706,0.09
604412,0.03
695737,0.0
560196,0.1
981487,0.02
486471,0.02
117759,0.15
599961,0.03
616151,0.0
885292,0.09
808264,0.06
926014,0.06
877129,0.05
322551,0.03
526309,0.04
308241,0.83
876709,0.15666666666666665
556622,0.06
182939,0.05
350774,0.04
153572,0.05
720900,0.04
636292,0.03
907014,0.2658333333333333
503043,0.01
126749,0.38
966138,0.08
819503,0.47
234113,0.03
126413,0.16
840566,0.04
612365,0.02
452212,0.01
548980,0.0
637219,0.1
496040,0.03
149408,0.05
564291,0.05
697926,0.25
974065,0.02
470741,0.02
625429,0.04
274464,0.06
218243,0.0
349867,0.0
915802,0.01
865173,0.11
763185,0.07
688279,0.0
537877,0.09
210987,0.01
343499,0.01
701209,0.02
820699,0.1
831281,0.0
751394,0.04
842371,0.03
396519,0.01
441613,0.21
207747,0.25
736192,0.02
903200,0.02
116348,0.06
112359,0.02
464366,0.04
497164,0.05
360139,0.07
451461,0.02
623404,0.17
863113,0.03
770499,0.51
661022,0.1
413840,0.02
457207,0.06
346243,0.08
238390,0.04
156236,0.05
621559,0.0
627511,0.2
180035,0.03
909940,0.07
681269,0.02
397126,0.05
482177,0.23
819528,0.06
993876,0.02
571964,0.04
417595,0.06
299935,0.02
804997,0.09
828717,0.36
192785,0.08
828694,0.01
133758,0.18
698895,0.07
368621,0.14
715804,0.05
798284,0.08
815135,0.07
459598,0.03
456521,0.02
460720,0.0
411469,0.14
615693,0.09
700599,0.01
385307,0.02
548594,0.02
634392,0.13
501329,0.13
262002,0.01
764830,0.04
858524,0.02
444747,0.06
187303,0.36
710975,0.0
827345,0.02
106817,0.05
133045,0.14
227332,0.06
883056,0.05
922180,0.02
658237,0.0
819642,0.49
626076,0.01
987542,0.24
610200,0.09
704985,0.11
446017,0.03
864559,0.35
861800,0.03
606607,0.01
514663,0.08
733149,0.03
389678,0.08
376093,0.0
447426,0.01
212777,0.09
342388,0.04
173497,0.02
178466,0.04
209080,0.2
399182,0.04
670793,0.03
862071,0.11
797640,0.06
681277,0.02
187784,0.01
964311,0.07
630305,0.03
204512,0.03
415832,0.07
467216,0.02
184273,0.04
545582,0.07
408417,0.01
160141,0.01
342082,0.1
458014,0.08
667401,0.16
379252,0.07
740634,0.1
947798,0.02
494950,0.09
672504,0.05
641605,0.02
959956,0.01
376125,0.14
527605,0.08
970655,0.05
599474,0.01
473503,0.02
119540,0.12416666666666666
565112,0.05
610996,0.0
270150,0.15
359650,0.06
656906,0.08
642046,0.0
901483,0.27
662756,0.1
832294,0.01
430839,0.05
110682,0.82
173895,0.05
541484,0.28
188571,0.01
381837,0.08
651639,0.39
117142,0.59
620811,0.03
703546,0.02
930901,0.2
509049,0.21
816282,0.39
753071,0.05
896774,0.04
425529,0.03
554473,0.1
319788,0.03
981023,0.03
709732,0.17
460781,0.23
783091,0.04
412928,0.04
969127,0.49
870848,0.04
444193,0.01
464893,0.0
205892,0.14
854380,0.12
781515,0.27
725635,0.18
235775,0.0
435732,0.1
343242,0.02
831107,0.15
353154,0.04
128420,0.28
495491,0.35
117902,0.0
484324,0.8
139383,0.25
199123,0.2
302011,0.7
707685,0.19
947940,0.06
898678,0.14
532294,0.2
557233,0.06
334593,0.04
623292,0.67
206571,0.0
452785,0.02
207541,0.15
972703,0.12
477835,0.06
971817,0.08
685716,0.04
463145,0.02
217386,0.37
771082,0.17
947029,0.01
571319,0.04
792604,0.04
393435,0.05
325668,0.14
839586,0.03
401985,0.01
986635,0.09
684366,0.46
694581,0.14
979584,0.4
670761,0.03
398143,0.06
102722,0.05
408793,0.15
915290,0.01
667129,0.06
693537,0.07
463489,0.04
579140,0.07
172272,0.06
684111,0.0
947787,0.05
661805,0.01
100664,0.11
763035,0.68
720034,0.11
146998,0.77
821897,0.1
595356,0.06
523789,0.03
943982,0.04
661170,0.02
741279,0.0
244914,0.04
724996,0.19
767573,0.03
977719,0.08
937188,0.02
991202,0.09
881422,0.0
434122,0.04
972678,0.08
188375,0.02
117189,0.48
850161,0.05
656394,0.05
730583,0.38
824363,0.03
935516,0.02
423006,0.15
327761,0.02
491014,0.02
555309,0.59
911946,0.23
559327,0.02
729742,0.07
553586,0.03
471248,0.13
861371,0.0
183560,0.69
206794,0.07
679632,0.15
320072,0.04
330113,0.02
316958,0.02
613662,0.07
572954,0.1
290258,0.03
378250,0.04
359819,0.15
853235,0.08333333333333331
580564,0.01
152217,0.04
383470,0.06
625048,0.22
787083,0.04
265175,0.48
485400,0.46
525557,0.05
548878,0.6
935987,0.025
474824,0.01
291066,0.03
309625,0.26
665637,0.5
713013,0.15
543329,0.03
927771,0.04
130715,0.08
199143,0.44
450132,0.26
638189,0.03
724205,0.08
607344,0.21
322271,0.02
348221,0.12
607851,0.02
730287,0.13
760563,0.02
445874,0.32
731912,0.12
616250,0.1
260962,0.03
742376,0.03
668718,0.01
922347,0.45
995968,0.63
749721,0.08
228999,0.3
472423,0.44
360117,0.03
515584,0.25
101801,0.47600000000000003
783669,0.03
760090,0.03
465078,0.05
478157,0.04
697405,0.1
645017,0.07
826601,0.05
197655,0.15
226777,0.06
850264,0.03
301295,0.06
530718,0.17
577766,0.0
273721,0.11
176364,0.23
887408,0.01
807877,0.27
694710,0.04
712453,0.0
493229,0.03
602563,0.14
424401,0.03
713387,0.06
698986,0.02
419314,0.02
473452,0.03
795391,0.06
259069,0.59
855604,0.03
169372,0.17
174315,0.05
101395,0.06
997990,0.01
865919,0.08
301925,0.28
424941,0.26
322003,0.01
272534,0.12
656734,0.03
464519,0.03
770821,0.17
477636,0.07
542106,0.0
423145,0.09
264162,0.02
399552,0.09
163359,0.06
804761,0.08
474706,0.01
191279,0.04
175322,0.01
650566,0.04
828827,0.0
676570,0.17
375595,0.0
394581,0.02
210936,0.09
892696,0.09
814502,0.05
765915,0.01
195294,0.06
951353,0.15
982133,0.1
326094,0.02
921476,0.52
232892,0.0
749875,0.01
951619,0.1
156529,0.03
273552,0.04
734871,0.01
140844,0.02
230028,0.15
714914,0.15
999191,0.09
521961,0.05
644270,0.08
768606,0.04
237312,0.01
553330,0.03
749189,0.1
328517,0.05
554976,0.02
943184,0.62
654581,0.0
239828,0.03
327029,0.6
848247,0.08
101073,0.04
110335,0.03
745528,0.12
892880,0.0
377672,0.24
656880,0.03
224264,0.0
757014,0.7
626993,0.23
232505,0.01
282310,0.06
542426,0.03
363071,0.02
326066,0.015
466833,0.06
154371,0.65
752645,0.06
984629,0.13
456030,0.0
354897,0.01
604192,0.05
611508,0.01
619203,0.21
693813,0.0
362312,0.05
142670,0.49
446252,0.01
833195,0.0
682620,0.02
247427,0.06
693949,0.23
562247,0.01
805319,0.05
807006,0.24
704653,0.05
230792,0.08
285526,0.2
598995,0.19
647716,0.02
775461,0.0
389765,0.73
849490,0.04
197275,0.24
240600,0.05
366839,0.05
714894,0.06
529775,0.0
861135,0.3
801825,0.14
481900,0.01
699706,0.22
812755,0.11
469279,0.01
241691,0.19
699416,0.03
346664,0.01
513805,0.14
346728,0.04
882318,0.08
368315,0.03
875722,0.01
212889,0.03
490948,0.0
321891,0.04
871911,0.04
810346,0.02
158218,0.02
616628,0.02
155045,0.03
147937,0.03
851108,0.01
775483,0.03
761230,0.02
738273,0.04
524703,0.01
189513,0.09
361003,0.25
971758,0.94
142184,0.04
455139,0.04
840766,0.01
658732,0.11
867754,0.57
607850,0.03
258866,0.09
373948,0.16
891202,0.01
735226,0.69
172526,0.0
664488,0.03
997347,0.24
454004,0.04
106111,0.01
584772,0.12
864047,0.03
579358,0.095
878961,0.005
963346,0.03
398297,0.07
792284,0.45
104321,0.01
809083,0.04
294835,0.02
698163,0.01
655589,0.03
775959,0.67
561373,0.31
867389,0.12
359553,0.06
867613,0.0
219902,0.03
945813,0.31
911217,0.0
478249,0.0
786537,0.03
183168,0.1
826849,0.02
456685,0.04
534814,0.06
202538,0.02
970706,0.05
253037,0.01
117510,0.07
436906,0.04
438420,0.09
710093,0.02
195421,0.01
285327,0.14
750266,0.04
998493,0.01
802753,0.04
551345,0.06
201819,0.04166666666666666
443629,0.03
104414,0.33
809150,0.58
293139,0.73
283144,0.0
920586,0.04
530250,0.09
850291,0.01
126565,0.04
412917,0.05
241200,0.0
794701,0.03
791010,0.04
197161,0.03
696051,0.14
105542,0.01
169902,0.05
607633,0.04
734204,0.1
299332,0.02
884575,0.02
981120,0.05
708474,0.03
463965,0.02
220664,0.14
313595,0.12
661547,0.43
275711,0.04
650996,0.05
710310,0.04
261794,0.04
942340,0.04
800615,0.07
347612,0.05
264946,0.01
415835,0.15
402305,0.42
348622,0.09
282338,0.0
738499,0.07
265496,0.04
271874,0.5766666666666667
440869,0.64
222649,0.09
186613,0.03
151634,0.03
133006,0.02
807689,0.03
539637,0.05
261038,0.06
596686,0.0
664185,0.1
798427,0.14
597996,0.02
180352,0.01
526394,0.0
206178,0.07
764093,0.02
695445,0.07
942220,0.16
305460,0.02
722886,0.02
153695,0.04
727144,0.25
621827,0.01
586089,0.0
565639,0.0
951328,0.0
276528,0.08
451023,0.03
427106,0.01
137050,0.03
890326,0.03
647223,0.0
218349,0.02
981916,0.03
571009,0.01
999664,0.14
718013,0.15
890948,0.05
269545,0.06
223914,0.01
662752,0.16
242730,0.1
380681,0.028333333333333335
716843,0.02
492993,0.16
899350,0.31
550116,0.04
815059,0.0
158955,0.04
304256,0.16
145941,0.36
410549,0.05
322803,0.04
134217,0.16
605613,0.57
491323,0.92
692054,0.01
417943,0.1
466769,0.02
266949,0.07
188499,0.05
250662,0.08
275978,0.11
794447,0.06
919302,0.02
638127,0.39
955793,0.0
449888,0.05
404325,0.42
353222,0.07
449366,0.04
220033,0.04
255087,0.04
665905,0.1
899835,0.0
881399,0.01
236559,0.01
964959,0.0
919494,0.01
886170,0.03
875164,0.13
467087,0.43
363518,0.01
914998,0.12
597518,0.02
151650,0.03
949150,0.11
575794,0.81
688932,0.26
758712,0.03
550383,0.64
150588,0.04
499678,0.06
877323,0.08
842178,0.03
538155,0.61
208033,0.14
113666,0.01
738820,0.3
284533,0.03
535953,0.05
284964,0.11
467741,0.4
634673,0.02
370221,0.4
338909,0.11
511750,0.08
281926,0.02
547231,0.02
581846,0.11
741606,0.1
336109,0.52
706100,0.23
716488,0.07
127746,0.09
763687,0.07
163505,0.0
563969,0.06
714011,0.25
626573,0.02
702395,0.4
211043,0.53
292436,0.06
889339,0.02
976994,0.05
892799,0.02
546121,0.08
734352,0.32
128145,0.0
851714,0.11
172746,0.06
928224,0.09
288715,0.03
806018,0.04
593874,0.02
361629,0.11
357589,0.02
343020,0.03
530144,0.05
512445,0.02
372594,0.01
277849,0.07
841048,0.07
397484,0.01
841253,0.05
206844,0.16
583780,0.02
524079,0.3
174654,0.04
832359,0.07
960850,0.03
913095,0.1
260491,0.09
581276,0.01
328408,0.08
567416,0.68
867074,0.35
629842,0.22
867198,0.01
322619,0.08
959709,0.05
252447,0.04
323743,0.02
603364,0.07
824823,0.02
980398,0.11
660905,0.16
794984,0.05
426870,0.03
225180,0.03
558801,0.06
867119,0.02
938608,0.03
639104,0.26
387355,0.05
177895,0.13
635623,0.1
149535,0.37
887446,0.08
918281,0.04
699780,0.05
470654,0.07
880858,0.01
490237,0.05
705940,0.0
494064,0.0
574614,0.05
364223,0.01
204308,0.0
569382,0.01
765654,0.0
439018,0.07
478645,0.05
140121,0.53
914381,0.02
173995,0.01
837964,0.12
938555,0.02
152352,0.09
869509,0.01
142237,0.01
360511,0.1
612419,0.07
265161,0.04
864168,0.1
732363,0.01
247519,0.05
681318,0.16
845776,0.06
719093,0.0
316919,0.31
751565,0.07
795613,0.03
886785,0.04
336192,0.0
261173,0.48
213746,0.07
804105,0.68
735299,0.01
178123,0.02
804616,0.06
906686,0.01
650197,0.04
679132,0.13
376442,0.02
515691,0.14
141218,0.07
202733,0.11
785381,0.0
609384,0.03
661386,0.256
322092,0.12
405240,0.19
116128,0.04
949884,0.01
331166,0.0
399455,0.09
873730,0.02
445080,0.02
166449,0.69
328499,0.065
271959,0.04
647148,0.01
610024,0.32
902609,0.67
229853,0.07
760518,0.08
285254,0.08
767925,0.26
197108,0.02
687587,0.8
484833,0.0
853071,0.33
201713,0.0
579091,0.1
289739,0.9
727035,0.03
353111,0.55
801627,0.01
936809,0.21
678479,0.04
167263,0.03
749584,0.08
423547,0.0
703416,0.04
899236,0.02
791614,0.18
283300,0.12
531481,0.13
170452,0.0
954009,0.01
311139,0.08
563992,0.07
792222,0.11
658264,0.11
947346,0.21
511814,0.04
956259,0.08
760975,0.14
174715,0.06
747922,0.09
416023,0.3
861604,0.03
677616,0.41
787841,0.04
777246,0.12
978989,0.01
687764,0.01
120184,0.06
298276,0.01
470773,0.29
630613,0.05
216600,0.08
818896,0.06
376368,0.16
492440,0.08
286298,0.0175
282563,0.09
814146,0.08
386407,0.02
158624,0.05
868565,0.02
650418,0.06
732745,0.06
336454,0.03
764162,0.09
727158,0.22
330453,0.05
303612,0.09
439643,0.02
993454,0.03833333333333334
772571,0.0
136487,0.03
616212,0.01
745872,0.11
238115,0.13
879061,0.71
199284,0.2
719455,0.12
998299,0.03
473944,0.04
758359,0.14
559900,0.01
864804,0.05
424583,0.03
605825,0.04
255231,0.06
904840,0.16
777280,0.01
665969,0.01
360588,0.34
828365,0.05
891031,0.03
905686,0.04
969064,0.0
806284,0.06
709787,0.02
955443,0.21
663291,0.21
662998,0.05
275988,0.06
714760,0.15
311701,0.1
192905,0.0
312387,0.3
798422,0.11
656070,0.05
714967,0.44
250229,0.25
206963,0.0
825497,0.0
506063,0.04
848309,0.05
691394,0.22
406161,0.0
578060,0.61
231141,0.14
255180,0.095
646871,0.02
752091,0.79
133813,0.36
399992,0.06
218475,0.02
737942,0.05
293608,0.05
815075,0.02
315010,0.06
520039,0.47
936808,0.03
150713,0.07
743740,0.14
598828,0.02
784038,0.04
412512,0.13
616319,0.02
647277,0.11
221318,0.03
616451,0.09
239237,0.23
316058,0.16
858104,0.06
602633,0.03
756663,0.15
684728,0.38
124920,0.01
614702,0.49
152328,0.02
431152,0.4
847591,0.03
885067,0.51
927443,0.05
694195,0.01
491799,0.03
973927,0.08
919566,0.08
331817,0.12
430328,0.09
391066,0.05
257035,0.13
230493,0.15
728359,0.03
728251,0.36
401974,0.05
716252,0.03
249060,0.07
696436,0.48
101921,0.86
778038,0.055
235021,0.11
406372,0.08
727385,0.14
337864,0.02
283097,0.11
395208,0.0
571273,0.14
812525,0.1
114258,0.01
435433,0.07
437995,0.0
632429,0.0
943247,0.02
217521,0.05
122134,0.04
698742,0.0
537970,0.02
231585,0.05
216809,0.06
128267,0.45
811310,0.04
993660,0.07
224818,0.54
553829,0.02
174129,0.03
633539,0.05
463593,0.01
105206,0.02
464338,0.07
356352,0.01
619600,0.04
331471,0.16
153528,0.02
608944,0.13
679365,0.06
785581,0.06
857408,0.07
468596,0.06
117111,0.08
959844,0.04
100423,0.08
783281,0.03
567579,0.16
246138,0.01
374212,0.09
169640,0.09
580315,0.58
161687,0.04
942958,0.07
372634,0.85
598727,0.51
497736,0.01
637139,0.03
219056,0.03
461416,0.085
900584,0.04
382735,0.07
939809,0.01
473215,0.06
786348,0.08
964045,0.79
757558,0.08
600139,0.03
672447,0.03
381763,0.0
340835,0.09
929471,0.19
321176,0.1
861125,0.06
801352,0.05
173021,0.03
336131,0.03
103384,0.03
341343,0.01
313749,0.02
606808,0.04
718050,0.24
882404,0.25
296713,0.24
551657,0.02
531307,0.05
281734,0.11
846281,0.045
143090,0.02
316806,0.0
575258,0.05
617976,0.29
430506,0.01
568746,0.4
251785,0.07
695799,0.04
473390,0.2
289723,0.12
932942,0.59
411287,0.03
685415,0.03
894783,0.0
695528,0.26
469008,0.06
239952,0.04
564434,0.01
315750,0.04
398599,0.02
803107,0.02
357697,0.0
335204,0.01
826957,0.0
344404,0.03
356771,0.02
544776,0.0
853698,0.09
987131,0.07
537742,0.12
226339,0.11599999999999999
362335,0.0
843414,0.03
338039,0.01
669988,0.32
560651,0.0
485383,0.08
202082,0.46
756537,0.06
944529,0.09
524067,0.03
394472,0.04
913782,0.03
935082,0.04
892007,0.06
403134,0.01
263578,0.03
355738,0.16
437761,0.04
831988,0.03
505058,0.04
993983,0.095
922384,0.01
162735,0.05
582564,0.07
234241,0.02
828143,0.55
676002,0.17
691067,0.29
128549,0.07
597789,0.04
348238,0.12
607088,0.02
399668,0.0
159217,0.85
207861,0.18
821203,0.05
908324,0.04
269772,0.06
962249,0.06
477314,0.0
646535,0.08
874476,0.02
111118,0.01
606208,0.07
287489,0.04
744042,0.49
317452,0.07
664093,0.05
801340,0.54
885921,0.2
967909,0.045
843497,0.07
199783,0.31
933860,0.0
144568,0.0
857684,0.05
490919,0.06
517791,0.02
211656,0.02
721936,0.02
584975,0.18
376079,0.0
745831,0.13
464750,0.0
736857,0.01
327410,0.62
485161,0.06
153719,0.01
854664,0.13
339338,0.06
724196,0.1
711152,0.01
400017,0.09
863671,0.3325
946164,0.03
689940,0.0
741994,0.07
886812,0.09
813270,0.02
234524,0.48
694659,0.12
709453,0.02
563458,0.03
450650,0.11
205383,0.02
517987,0.21
704613,0.01
671334,0.07
185868,0.13
322210,0.21
426528,0.11
247713,0.32
527316,0.07
654004,0.23
151068,0.03
451065,0.03
828797,0.0
878071,0.4
403417,0.04
793766,0.04
411114,0.03
711413,0.84
789472,0.06
659159,0.04
394499,0.06
627773,0.04
996984,0.03
895115,0.01
439165,0.07
547992,0.0
200830,0.36
712195,0.04
249525,0.0
354492,0.03
904962,0.01
619775,0.05
642954,0.02
760972,0.04
463212,0.01
440283,0.46
579193,0.66
651578,0.01
488800,0.09
116448,0.01
161647,0.08
163318,0.0
521285,0.26
993684,0.08
446348,0.04
381351,0.01
503522,0.06
402321,0.05
222268,0.01
390513,0.2
797370,0.04
228584,0.58
270174,0.03
935962,0.13
286744,0.02
401718,0.01
840671,0.11
954576,0.04
253139,0.07
965833,0.03
572774,0.03
390381,0.02
393788,0.0
438154,0.67
315488,0.18
584972,0.11
689012,0.06
814811,0.22833333333333333
192169,0.13
672967,0.07
673721,0.04
194641,0.13
725303,0.09
597444,0.74
973330,0.056666666666666664
940294,0.09
235515,0.05
683758,0.04
585494,0.05
610993,0.03
222445,0.04
424301,0.03
554339,0.09
648426,0.06
487410,0.04
322773,0.03
245724,0.15
961907,0.08
385573,0.03
647879,0.01
337102,0.01
968806,0.02
342428,0.03
986036,0.12
320777,0.0
931751,0.06
659273,0.01
145512,0.04
662247,0.01
942991,0.04
465950,0.03
383880,0.11
154764,0.17
148712,0.31
820960,0.52
839012,0.02
715071,0.02
526665,0.02
677001,0.61
934401,0.12
604441,0.0
469637,0.33
894833,0.03
206391,0.03
465168,0.0
246540,0.76
409470,0.02
357250,0.04
803048,0.06
957888,0.02
656333,0.03
584779,0.33
211073,0.08
845230,0.09
662920,0.10666666666666667
156840,0.07
978277,0.01
177359,0.01
982037,0.02
542768,0.07
220527,0.09
174414,0.09
386510,0.21
105940,0.01
605489,0.01
305632,0.01
945704,0.04
802467,0.01
732217,0.54
418561,0.05
965958,0.41
480020,0.09
373994,0.07
768342,0.12
640308,0.43
924772,0.02
778632,0.15
617247,0.0
742502,0.07
768896,0.0
430621,0.09
135789,0.43
588216,0.12
475627,0.11
371542,0.08
755864,0.0
589276,0.04
602360,0.3565
517961,0.08
251625,0.03
285297,0.03
325734,0.02
425065,0.04
164273,0.04
683011,0.04
823540,0.05
437585,0.06
532737,0.03
792013,0.05
653255,0.1
637498,0.39
675370,0.08
641904,0.10333333333333332
802246,0.03
265244,0.08
974428,0.0
473170,0.6
331591,0.37
177279,0.46
490388,0.57
294933,0.31
138427,0.04
865040,0.07
918644,0.11
380764,0.06
191688,0.05
306701,0.29
103462,0.13
290778,0.0
778781,0.01
547685,0.03
812207,0.14
840150,0.01
552688,0.7
727189,0.01
705780,0.41
713552,0.17
108830,0.03
699319,0.31
635725,0.05
190163,0.02
970683,0.15
827069,0.03
409108,0.17
627759,0.3
597615,0.04
854944,0.33
858130,0.07
581956,0.04
427625,0.02
397472,0.02
946634,0.05
472129,0.07
815595,0.06
451582,0.02
987211,0.02
145410,0.03
168744,0.06
836205,0.08
871684,0.13
172342,0.06
151184,0.03
751458,0.02
575131,0.06
812371,0.04
122712,0.32
700197,0.02
255388,0.72
179918,0.22
510478,0.01
311891,0.01
108814,0.11
335249,0.05
485450,0.06
371408,0.04
174660,0.07
612221,0.0
424274,0.06
171112,0.94
164732,0.03
548001,0.43
780847,0.03
368474,0.04
423837,0.04
869414,0.12
653940,0.06
717882,0.03
722827,0.04
398134,0.02
957343,0.01
441891,0.06
850864,0.08
231102,0.02
453180,0.08
895266,0.33
244645,0.04
300974,0.08
408428,0.07
923283,0.12
750113,0.02
583607,0.53
914376,0.08
396290,0.3
566533,0.0
537121,0.11
580721,0.06
600697,0.03
616155,0.01
531270,0.0
452537,0.7
630516,0.01
906325,0.0
714820,0.02
107491,0.05
783356,0.1
847073,0.08
555369,0.08
367408,0.17
353084,0.04
991419,0.11
883561,0.3
283426,0.19
280602,0.06
648176,0.12
411669,0.11
803636,0.03
818798,0.56
346790,0.04
632054,0.57
551964,0.0
701365,0.12
881321,0.15
290216,0.04
565264,0.66
379723,0.04
565015,0.07
764417,0.18
739444,0.06
521931,0.07
877138,0.31
953825,0.14
892077,0.21
814606,0.46
316936,0.0
950632,0.53
577610,0.01
794651,0.05
200680,0.05
521583,0.05
273111,0.01
584103,0.51
712506,0.07
198117,0.01
927305,0.12
806609,0.15
789545,0.03
869721,0.02
343511,0.11
935423,0.03
745867,0.01
142144,0.04
331990,0.03
887604,0.04
790770,0.02
204175,0.12
339065,0.07
451985,0.08
734061,0.07
916410,0.02
278545,0.04
266065,0.43
632496,0.12
372325,0.01
328710,0.29
534869,0.0
138398,0.105
878332,0.03
751586,0.05
309301,0.0
772609,0.1
515069,0.0
160362,0.13
486149,0.0
525439,0.08
835159,0.1
878255,0.2
167107,0.12
187093,0.01
751966,0.05
463410,0.02
415178,0.02
352543,0.0
845549,0.01
356958,0.24
533502,0.1
777430,0.11
708752,0.09
556976,0.03
834867,0.08
279451,0.02
987351,0.08
991576,0.22
321618,0.49
884996,0.03
731764,0.14
330796,0.0
121010,0.53
154972,0.01
668623,0.02
130477,0.04
722867,0.68
563352,0.12
380915,0.82
913408,0.0
865775,0.0
981983,0.1
783162,0.05
478297,0.03
378682,0.01
116129,0.02
470202,0.04
359946,0.15
248377,0.07
760214,0.01
571730,0.08
672426,0.13
399550,0.02
882322,0.11
891089,0.05
546046,0.37
789741,0.07
205050,0.095
515882,0.09
791974,0.06
803353,0.96
347311,0.1
748937,0.03
184114,0.1
857415,0.09
487570,0.02
262918,0.11
653778,0.21
982771,0.01
226871,0.07
690246,0.37
532751,0.02
822654,0.06
552104,0.03
624968,0.0
685522,0.55
322568,0.11
604637,0.01
326257,0.11
217213,0.1
787525,0.12
263763,0.04
608008,0.06
366629,0.21
132412,0.37
645875,0.04
817137,0.04
836108,0.0
417532,0.03
446724,0.08
448036,0.03
781386,0.04
755630,0.0
858788,0.08
338809,0.36
337116,0.0
544783,0.01
688855,0.48
233498,0.01
989585,0.07
907629,0.33
393891,0.03
919009,0.02
853139,0.07
329610,0.08
557886,0.1
606332,0.02
107997,0.05
549906,0.02
645298,0.03
782420,0.07
396742,0.05
512816,0.08
186655,0.1
999068,0.01
427711,0.06
971836,0.01
849138,0.1
670293,0.0
569158,0.04
478485,0.04
734896,0.0
798279,0.1
122662,0.1
266842,0.07
771356,0.04
787593,0.0
780851,0.06
719891,0.04
284843,0.13
923561,0.07
382241,0.085
564463,0.01
101008,0.0
690755,0.01
934884,0.21
564825,0.09
727688,0.37
233041,0.14
855557,0.02
737948,0.63
876070,0.37
405862,0.0
152035,0.0
671464,0.02
708128,0.03
417874,0.08
227057,0.04
769245,0.36
207173,0.04
588374,0.21
189587,0.02
150791,0.12
682355,0.01
856880,0.12
144605,0.13
479564,0.28
351911,0.08
107748,0.03
811977,0.11
180689,0.03
802044,0.07
542184,0.02
233705,0.02
603104,0.13
292916,0.57
573479,0.04
375236,0.02
102846,0.05
698076,0.01
184715,0.08
629940,0.23
475186,0.0
461090,0.04
100750,0.07
724891,0.05
397750,0.06
733697,0.02
811794,0.33
853810,0.08
688155,0.21
400618,0.02
914104,0.11
910035,0.01
867599,0.01
382573,0.4133333333333333
672459,0.03
191142,0.0
131384,0.0
330148,0.06
467606,0.08
999897,0.07
296224,0.32
160612,0.27
805988,0.01
295628,0.05
783901,0.05
552162,0.59
464204,0.04
460878,0.03
957610,0.02
961028,0.06
269505,0.0
599565,0.01
428020,0.03
494718,0.05
325836,0.02
314571,0.65
169411,0.57
238800,0.01
805787,0.0
757517,0.01
358106,0.04
216299,0.34
566598,0.03
615589,0.77
299854,0.09
161469,0.0
202874,0.07
617978,0.07
591583,0.05
381137,0.05
451170,0.05
661488,0.23
727400,0.06
668040,0.05
215947,0.01
376537,0.43
236682,0.43
797884,0.07
734046,0.03
621495,0.01
262412,0.0
411539,0.02
378759,0.04
819476,0.02
683126,0.03
169808,0.0
639674,0.06
956840,0.06
125141,0.01
298642,0.72
887445,0.03
202379,0.06
131375,0.02
952100,0.29
687523,0.02
926832,0.06
965727,0.02
990583,0.06
780067,0.06
726889,0.0
409916,0.13
616047,0.42
638784,0.02
651687,0.01
495148,0.01
357983,0.13
651385,0.01
717936,0.1
868307,0.0
447877,0.11
240069,0.07
535875,0.19
912595,0.01
177456,0.0
511015,0.0
197428,0.46
620816,0.07
909001,0.03
802660,0.11
879493,0.09
543196,0.11
110870,0.3
357909,0.02
413495,0.05
100590,0.06
384403,0.07
750146,0.09
775363,0.09
550590,0.08
659763,0.55
719305,0.06
388736,0.12
292829,0.03
396195,0.05
571017,0.9
975271,0.11
682476,0.26
726758,0.27
593482,0.01
471412,0.05
500815,0.02
193101,0.09
696689,0.04
394716,0.11
151013,0.24
599855,0.1
798491,0.12
491403,0.09
316266,0.29
616657,0.28
506074,0.04
870532,0.0
668459,0.01
129292,0.01
744497,0.0
859961,0.03
432961,0.11
281737,0.16
867036,0.41
446819,0.09
557819,0.44
464556,0.01
588539,0.01
188663,0.06
655406,0.04
728538,0.25
295550,0.09
624930,0.02
621716,0.06
521354,0.07
578999,0.055999999999999994
778253,0.03
941131,0.14
668481,0.09
756848,0.84
535269,0.02
713286,0.07
685800,0.03
162066,0.31
533657,0.07
883261,0.02
364549,0.03
910683,0.04
786692,0.03
992109,0.01
984783,0.52
437471,0.11
231077,0.14
875982,0.02
794759,0.02
575653,0.08
698688,0.0
838639,0.39
528152,0.03
285002,0.01
681322,0.14
355052,0.04
714111,0.1
180647,0.05
907970,0.0
256894,0.1
997117,0.02
518447,0.07
894868,0.35
459616,0.04
334768,0.14
433710,0.05
791279,0.01
856098,0.01
145869,0.0
765309,0.01
937004,0.02
672205,0.03
507706,0.15
579799,0.01
788132,0.02
842752,0.03
186811,0.1
938201,0.17
846843,0.02
708033,0.07
250071,0.02
533789,0.04
706051,0.01
987781,0.03
422566,0.38
313328,0.04
797588,0.37
677619,0.3
924522,0.1
629404,0.09
211168,0.11
401572,0.06
157405,0.02
152831,0.03
437459,0.11
760996,0.06
594432,0.02
357385,0.23
673182,0.05
917532,0.07
561674,0.03
173261,0.02
497124,0.08
779879,0.09
407737,0.09
767610,0.01
954999,0.08
978162,0.75
138670,0.03
717334,0.12
706709,0.01
565515,0.27
842305,0.05
676375,0.21
558779,0.03
428212,0.11
783276,0.01
898873,0.24349999999999997
794933,0.11
432200,0.01
115751,0.055
974035,0.02
632140,0.03
513211,0.1
293546,0.09
355353,0.04
546986,0.02
102363,0.08
517377,0.0
399724,0.01
830050,0.33
255569,0.07
152263,0.25
932201,0.17
635461,0.04
951695,0.04
693744,0.01
989892,0.01
691588,0.0
427370,0.0
586529,0.27
650075,0.03
598314,0.16
391793,0.49
885630,0.02
663543,0.0
276813,0.67
900619,0.48
911235,0.03
318150,0.02
669723,0.03
614661,0.03
865680,0.02
760509,0.14
231884,0.36
733972,0.08
900902,0.2
300028,0.34
804994,0.02
630898,0.08
505725,0.16
935147,0.07
733269,0.09
860564,0.52
101770,0.02
262146,0.12
402047,0.07
538802,0.7
411894,0.0
654932,0.02
766112,0.41
511457,0.02
846678,0.01
494303,0.07
163207,0.05
167664,0.02
885985,0.12
822626,0.05
818630,0.05
842552,0.03
471077,0.12
582181,0.35
410332,0.35
712149,0.04
729296,0.07
276670,0.2
780921,0.04
684559,0.1115
557425,0.14
309072,0.13
988808,0.03
598686,0.49
223963,0.21
849230,0.07
928402,0.02
360802,0.39
197647,0.2
261141,0.02
701132,0.03
831441,0.01
710547,0.02
963272,0.01
910732,0.0
811687,0.01
812046,0.09
284543,0.02
295525,0.06
763720,0.08
909308,0.04
682083,0.02
218503,0.65
668700,0.05
296389,0.01
886461,0.63
761190,0.14
849606,0.3
512644,0.01
927950,0.27
313635,0.41
693243,0.01
816310,0.04
137287,0.05
683180,0.02
457037,0.11
331975,0.13
392835,0.06
650886,0.03
167016,0.02
215183,0.36083333333333334
586941,0.0
646263,0.13
431392,0.02
538491,0.0
524451,0.09
243757,0.36
345924,0.02
553901,0.12
836613,0.05
913860,0.11
652792,0.63
288099,0.1
335752,0.06
325495,0.01
252838,0.57
919476,0.01
829990,0.03
246249,0.01
533402,0.06
707155,0.0
531282,0.76
631917,0.02
858753,0.08
181976,0.04
713877,0.03
970675,0.05
409367,0.32
101086,0.02
886637,0.03
158431,0.04
167180,0.0
364446,0.61
305292,0.04
283243,0.0
127609,0.02
850131,0.04
109510,0.05
540704,0.0
832068,0.24
930402,0.03
876730,0.01
671108,0.05
791116,0.07
953969,0.03
684906,0.0
929197,0.07333333333333333
544808,0.08
697087,0.02
571731,0.05
751792,0.02
780753,0.06
184898,0.03
944003,0.02
750386,0.16
562860,0.23
517092,0.03
915666,0.02
694375,0.04
196983,0.03
150397,0.01
229990,0.01
479758,0.06
433318,0.02
892763,0.03
934222,0.15
961516,0.04
933738,0.08
980818,0.01
354965,0.08
599266,0.3566666666666667
874667,0.1
766073,0.16
804046,0.15
467872,0.47
389045,0.14
960616,0.07666666666666666
812374,0.08
571448,0.1
969444,0.0
553146,0.05
203457,0.03
299025,0.02
310673,0.03
553301,0.29
230304,0.08
820029,0.01
409320,0.09
914877,0.85
770450,0.01
976133,0.08
798596,0.07
571225,0.21
355823,0.62
508129,0.06
532218,0.2
695400,0.03
518613,0.52
736145,0.02
112396,0.04
686110,0.04
433843,0.03
207005,0.02
311532,0.0
137499,0.73
185178,0.01
618122,0.01
227213,0.61
588084,0.21
600612,0.0
937861,0.13
493358,0.06
810924,0.06
811241,0.12
301702,0.13
537941,0.03
296714,0.04
660944,0.42
863919,0.02
106800,0.06
987533,0.0
623306,0.55
387099,0.0275
250040,0.0
754840,0.0
613751,0.03
713796,0.06
191166,0.86
665944,0.04
138207,0.0
184577,0.18
699620,0.02
229536,0.03
794380,0.76
934276,0.02
658624,0.38
175188,0.13
668539,0.18
509457,0.02
277081,0.51
951265,0.08
270031,0.02
627878,0.09
190175,0.0
642882,0.05
152165,0.47
407540,0.04
153517,0.05
962959,0.07
774058,0.04
240310,0.05
543075,0.04
192338,0.57
155504,0.01
473433,0.2
184338,0.34
592433,0.1
751222,0.02
600082,0.02
916427,0.07
565478,0.07
132181,0.17
491132,0.03
864482,0.09
660629,0.23
449746,0.0
463753,0.11
535994,0.03
800261,0.01
710446,0.07
804983,0.17
754992,0.03
820440,0.04
287714,0.17
550761,0.26
864943,0.0
191286,0.05
394576,0.01
896871,0.095
716056,0.31
266002,0.04
637425,0.0
340625,0.04
680481,0.07
895149,0.61
866592,0.8
171250,0.08
677363,0.0
523998,0.16
334122,0.4
484258,0.02
339551,0.05
666241,0.08
141401,0.36
271052,0.94
293595,0.08
536274,0.1
351192,0.05
767214,0.1
255911,0.75
916585,0.03
153964,0.06
971837,0.01
809893,0.11
756644,0.01
226666,0.14
809982,0.0
447673,0.07
863827,0.21
351499,0.07
253012,0.53
984027,0.03
341324,0.0
283531,0.05
780553,0.02
409535,0.36
306751,0.05
486337,0.14
189290,0.44
338608,0.01
940723,0.69
215477,0.01
680325,0.01
162858,0.04783333333333333
445031,0.04
911690,0.33
827847,0.06
323527,0.26
715495,0.05
669133,0.03
365852,0.02
754816,0.02
334797,0.07
118032,0.0
896088,0.04
577080,0.02
681015,0.32
826524,0.11
660847,0.12
407012,0.02
516067,0.02
878939,0.0175
546594,0.05
174676,0.07
908459,0.11
226426,0.01
478685,0.09
480000,0.38
287600,0.02
496948,0.05
323040,0.09
564118,0.01
514714,0.43
792875,0.06
376345,0.16
540947,0.01
170638,0.06
231663,0.07
819850,0.07
437703,0.02
639953,0.16
286312,0.06
333596,0.04
892615,0.11
742659,0.0
898360,0.27
820115,0.02
762665,0.18
929128,0.08
277620,0.05
164866,0.04
211573,0.13
216131,0.07
480323,0.01
477565,0.45
838541,0.18
504445,0.06
262497,0.02
243866,0.3
151454,0.06
339055,0.62
351156,0.01
807816,0.48
375301,0.01
877955,0.02
416756,0.35
589250,0.18
911877,0.11
311484,0.1
199784,0.02
911564,0.02
343834,0.07
237724,0.02
192858,0.07
260744,0.03
771113,0.01
684396,0.0
998063,0.28
633044,0.07
516733,0.27
666736,0.24
112042,0.01
807375,0.03
574365,0.09
287157,0.18
369381,0.64
346542,0.02
983324,0.2
150974,0.0
669775,0.49
906213,0.76
844797,0.03
172179,0.04
177374,0.02
831130,0.01
667864,0.04
163597,0.0
934913,0.02
222100,0.32
948676,0.04
622010,0.08
148836,0.0
549331,0.13
520261,0.15
168333,0.04
370866,0.04
672341,0.04
250818,0.01
644852,0.3
706928,0.0
343962,0.01
392957,0.34
558590,0.06
170497,0.0
986466,0.04
287446,0.04
214169,0.1
719163,0.25
667193,0.0
177627,0.07
366994,0.03
356545,0.09
213646,0.04
154444,0.14
742932,0.0
898247,0.12
314534,0.03
538320,0.01
292083,0.01
127906,0.41
388765,0.56
392600,0.82
499141,0.77
301206,0.02
679144,0.04
697941,0.03
972859,0.29
263547,0.52
703234,0.0
195684,0.05
863316,0.19
443474,0.02
889595,0.07
409159,0.05
445749,0.02
478751,0.18
639426,0.02
623774,0.04
277898,0.1
354247,0.02
916657,0.02
115348,0.03
208384,0.58
584524,0.06
463792,0.05
197157,0.05
590222,0.12
313051,0.01
288794,0.0
603532,0.05
131825,0.11
561931,0.1
631188,0.03
887939,0.6
814785,0.07
696875,0.06
305792,0.06
897465,0.05
537898,0.05
562381,0.81
111009,0.09
316378,0.055
273129,0.13
455011,0.03
889824,0.2
467098,0.03
773684,0.02
587848,0.2
995158,0.83
933087,0.08
724208,0.0
619816,0.08
945353,0.17
819647,0.04
599891,0.06
376898,0.01
248504,0.0
405234,0.05
893228,0.08
312724,0.04
963286,0.11
623366,0.13
163172,0.06
187438,0.07
992266,0.0
703359,0.08
983105,0.58
734122,0.1
465309,0.25
129184,0.01
674335,0.05
331597,0.0
425934,0.0
853916,0.17
861217,0.0
114417,0.32
879335,0.01
784577,0.07
550478,0.06
267744,0.06
756365,0.31
896225,0.03
355138,0.01
702952,0.06
626192,0.07
601182,0.02
193013,0.04
786791,0.02
168308,0.02
838827,0.03
993207,0.07
889875,0.03
104433,0.02
862848,0.09
139377,0.28
445246,0.02
945725,0.0
368172,0.04
215824,0.06
210363,0.1
297035,0.07
986120,0.54
174941,0.0
628853,0.05
876660,0.01
816969,0.04
827143,0.07
510296,0.76
187798,0.09
268357,0.0
981285,0.12
787389,0.21
137370,0.13
992584,0.48
275241,0.04
789906,0.02
326719,0.0
999860,0.09
637457,0.02
766048,0.37
546392,0.04
537431,0.03
128616,0.02
470369,0.11
392173,0.04
757647,0.12
256655,0.07
731394,0.11
842398,0.17
646465,0.41
656257,0.13
148404,0.042333333333333334
430600,0.06
261770,0.15
544428,0.04
197416,0.05
284587,0.07
624183,0.03
111189,0.02
123971,0.07
329653,0.04
449227,0.47
671884,0.06
133559,0.04
722939,0.1
104658,0.0
332873,0.05
144851,0.0
229078,0.02
302403,0.21
798785,0.1
789682,0.07
696466,0.03
411032,0.04
943537,0.0
555649,0.06
416464,0.05
710218,0.03
751053,0.4
548795,0.06
400682,0.02
628802,0.05
242487,0.02
977046,0.09
207506,0.04
198941,0.03
735632,0.42
472924,0.02
251566,0.05
298908,0.03
586083,0.14
392625,0.04
646346,0.15
619944,0.09
888249,0.1
887073,0.06
887514,0.06
362473,0.08
769817,0.73
115649,0.04
506546,0.03
942664,0.0
809170,0.02
332200,0.02
299114,0.05
710865,0.4
398543,0.02
605960,0.05
601494,0.03
961418,0.03
989584,0.35
368859,0.02
950954,0.05
691857,0.0
210022,0.02
950513,0.08
477070,0.22
216996,0.04
227769,0.07
247885,0.0
156965,0.17
220270,0.06
119771,0.09
321187,0.19
974318,0.01
718004,0.05
462573,0.05
752357,0.04
273902,0.06
753389,0.05
920720,0.26
778288,0.11
431900,0.03
897807,0.22
904034,0.04
141701,0.11
251521,0.0
722709,0.01
834856,0.06
700501,0.38
695525,0.01
423109,0.12
715237,0.02
136933,0.03
475018,0.04
531629,0.09
549594,0.02
643456,0.04
625697,0.05
723712,0.02
258320,0.13
352876,0.09
947615,0.24
771975,0.04
403726,0.01
544177,0.04
965239,0.18
951344,0.29
753054,0.1
861164,0.06
335126,0.52
840557,0.14
521254,0.03
327361,0.12
635388,0.03
579806,0.22
655877,0.1
877767,0.0
851658,0.81
564217,0.04
175181,0.02
800465,0.19
451220,0.0
464692,0.05
173498,0.03
333459,0.08
768468,0.03
249622,0.03
603878,0.55
599486,0.11
503752,0.04
884591,0.0
626405,0.08
487361,0.04
602252,0.05
787010,0.01
707825,0.05
584500,0.02
388416,0.36
478900,0.12
233008,0.03
780894,0.13
688099,0.04
195836,0.03
817263,0.47
649145,0.74
278165,0.72
739525,0.09
201439,0.05
283881,0.06
686362,0.4
372849,0.02
370765,0.04
445690,0.02
342651,0.16
843055,0.03
543845,0.12
534426,0.17
675241,0.01
224261,0.1
131843,0.03
769021,0.04
447447,0.07
609446,0.11
478624,0.2
371841,0.03
838996,0.14
320779,0.01
205580,0.1
576245,0.04
823951,0.03
238520,0.14
127666,0.02
475412,0.03
106582,0.13
503918,0.0
147796,0.08
535741,0.12
648348,0.02
280050,0.03
989318,0.0
679209,0.05
184357,0.04
766927,0.05
749259,0.09
238694,0.08
941241,0.07
332744,0.1
430740,0.28
244397,0.06
198686,0.27
661445,0.06
261203,0.03
816803,0.05
268355,0.64
911033,0.23
711370,0.04
465701,0.49
741888,0.06
864563,0.21
823439,0.01
276185,0.03
588096,0.41
422617,0.05
256087,0.45
363591,0.09
354659,0.15166666666666667
734672,0.02
744641,0.2
901077,0.07
114312,0.05
236794,0.1
669853,0.075
711874,0.0
250921,0.02
271969,0.03
343106,0.04
359704,0.05
669747,0.34
845284,0.11
376122,0.03
153123,0.21
145455,0.0
174719,0.03
620144,0.05
332782,0.1
803027,0.04
947893,0.17
544984,0.09
724514,0.01
481539,0.12
943388,0.11
576082,0.01
272653,0.11
718249,0.0
522249,0.49
830346,0.24
717328,0.17
546168,0.06
448410,0.11
904560,0.03
185866,0.01
872612,0.13
964613,0.34
992157,0.07
618417,0.01
789689,0.1
134518,0.0
407166,0.09
864382,0.07
452405,0.17
533358,0.17
645105,0.05
576966,0.01
265337,0.43
649028,0.16
716763,0.2
420787,0.03
635951,0.02
741282,0.11
838855,0.07
807868,0.02
120779,0.06
339968,0.03
748148,0.01
860589,0.1
302856,0.41
885072,0.33
446686,0.04
851231,0.21
807781,0.03
285374,0.03
100597,0.04
492861,0.02
945691,0.04
562751,0.0
287439,0.01
821719,0.01
143522,0.58
677127,0.0
220522,0.07
556805,0.03
960354,0.0
560117,0.0
117645,0.05266666666666667
267464,0.76
601439,0.01
422456,0.2
347433,0.04
184182,0.05
955897,0.02
882319,0.02
363462,0.08
965631,0.06
328145,0.0
468320,0.08
406316,0.03
514257,0.27
998909,0.04
598104,0.1
408301,0.0
732719,0.02
133541,0.01
887999,0.07
166808,0.09
106415,0.08
652158,0.05
498054,0.79
351781,0.02
502736,0.41
599584,0.07
430159,0.02
629731,0.38
638015,0.02
510630,0.13
958388,0.03
436685,0.03
226872,0.03
128474,0.1
152544,0.62
774475,0.01
121459,0.07
965307,0.01
750437,0.05
981075,0.01
322736,0.07
608740,0.05
179628,0.02
172677,0.36
813557,0.12
994131,0.01
972827,0.02
497033,0.06166666666666667
676397,0.05
668556,0.05
575584,0.02
773249,0.07
806471,0.03
335452,0.06
833928,0.32
635866,0.04
592561,0.02
450139,0.07
558870,0.01
411239,0.2
897827,0.04
698233,0.05
410775,0.05
655558,0.09
971346,0.04
931265,0.02
224908,0.03
865523,0.1
156740,0.04
443521,0.09
250698,0.09
283509,0.09
633678,0.0
183218,0.18
155123,0.0
261404,0.01
907424,0.04
196095,0.02
857198,0.09
927263,0.01
270347,0.01
540048,0.01
892565,0.74
426816,0.69
856443,0.04
597695,0.06
142995,0.0
947888,0.0
924569,0.01
273462,0.01
446103,0.13
174867,0.13
576368,0.02
638436,0.02
481712,0.18
573402,0.04
798513,0.03
519790,0.09
836367,0.03
104062,0.07
809512,0.12
465676,0.1
457228,0.06
459190,0.07
519770,0.34
551943,0.01
880657,0.0
695821,0.0
748127,0.07
690969,0.28
582180,0.03
364465,0.24
692489,0.06
609083,0.01
921836,0.01
570455,0.01
120507,0.04
262737,0.03
681680,0.14
729412,0.05
220023,0.06
810805,0.12
947554,0.06
142041,0.06
756261,0.04
456603,0.06
130269,0.11
333258,0.0
429922,0.25
276647,0.01
965931,0.33
962414,0.11
588726,0.03
157317,0.07
981063,0.09
320239,0.01
117810,0.08
388206,0.0
154524,0.14
388951,0.02
591299,0.21
389684,0.08
576329,0.14
816312,0.02
337224,0.18
758488,0.05
185949,0.11
505669,0.02
973316,0.06
850611,0.27
337924,0.07
777794,0.02
934446,0.29
968785,0.47
812777,0.02
526455,0.04
869667,0.16
894441,0.07
504356,0.16
106856,0.02
109059,0.07
533407,0.07
767355,0.04
216587,0.06
782648,0.61
826906,0.05
508339,0.35
886797,0.07
389707,0.01
280330,0.86
508288,0.0
233115,0.01
345076,0.01
648418,0.05583333333333334
183135,0.51
510717,0.15
908692,0.03
355459,0.13
495932,0.0
305306,0.15
816086,0.01
568008,0.0
267855,0.09
853610,0.02
898959,0.59
894284,0.06333333333333332
446268,0.02
522482,0.08
221959,0.0
848459,0.02
450499,0.01
111056,0.02
840822,0.03
193145,0.0
449942,0.06
208294,0.72
323178,0.44
604298,0.04
971645,0.14
668351,0.0
422002,0.0
929171,0.08
390867,0.16
938552,0.28
162660,0.07
505358,0.01
852315,0.06
469423,0.04
533114,0.09
389130,0.07
185077,0.87
145466,0.06
639849,0.0
317027,0.08
161236,0.0
226064,0.08
266052,0.07
659225,0.03
509991,0.04
746114,0.04
193396,0.04
985860,0.0
815364,0.03
327310,0.03
204601,0.04
852772,0.03
758515,0.03
316882,0.1
913629,0.35
532891,0.01
127692,0.06
728334,0.02
760907,0.56
965553,0.09
565458,0.02
239526,0.02
556272,0.04
376560,0.22
796934,0.06
444224,0.09
854992,0.93
952577,0.04
708153,0.01
169107,0.41
465992,0.07
827140,0.22
871382,0.03
833584,0.01
613742,0.01
764725,0.56
380264,0.02
619142,0.04
276543,0.1
443734,0.04
176584,0.03
368396,0.01
458489,0.07
750784,0.05
321638,0.03
497982,0.03
867072,0.03
952142,0.08
423915,0.11
655989,0.06
670723,0.04
890156,0.59
778809,0.02
403741,0.01
101342,0.01
209466,0.02
666911,0.58
613519,0.12
312503,0.09
837770,0.03
349484,0.67
111059,0.05
581508,0.59
299010,0.02
584649,0.19
591107,0.0
216402,0.03
501710,0.39
774999,0.01
875625,0.0
227997,0.16
145930,0.01
107169,0.08
845705,0.05
211701,0.05
858676,0.02
710533,0.04
526372,0.03
682875,0.02
112834,0.13
778884,0.45
481424,0.22
588095,0.04
970484,0.05
750504,0.0
756157,0.05
228248,0.17
886915,0.01
822839,0.03
144818,0.08
491199,0.01
225376,0.1
181087,0.0
470988,0.21
167713,0.04
739943,0.03
788027,0.03
491531,0.25
710894,0.01
119902,0.28
513492,0.03
646897,0.0
137435,0.01
945363,0.22
845487,0.22
904427,0.08
842668,0.06
192069,0.0
943844,0.01
786503,0.14
234831,0.77
608830,0.06
689122,0.06
737615,0.05
899805,0.05
339880,0.01
650510,0.02
136151,0.02
750571,0.01
985681,0.28
559342,0.01
653697,0.02
609855,0.01
478432,0.0
330150,0.13
857359,0.03
854100,0.01
968744,0.0
648272,0.05
526350,0.08
200190,0.22
323756,0.21
675516,0.03
718870,0.1
226891,0.06
813622,0.02
883360,0.09
198786,0.09
826338,0.04
500984,0.19
474386,0.11
368832,0.19
241133,0.05
960557,0.01
173692,0.01
518470,0.04
520694,0.1
970427,0.0
597893,0.03
182577,0.0
914741,0.63
424120,0.03
861241,0.27
622167,0.06
779000,0.08
458973,0.09
182392,0.29
721064,0.12
675986,0.41
242800,0.0
913204,0.01
261504,0.0
869042,0.0
965002,0.1
772489,0.02
531327,0.05
466316,0.0
260700,0.66
186262,0.04
786773,0.01
430233,0.04
877347,0.11
168915,0.03
851103,0.34
698047,0.1
373512,0.65
675566,0.4
460707,0.1
337233,0.02
314440,0.07
653572,0.04
756587,0.55
565960,0.01
574381,0.03
500144,0.08
716978,0.0
182932,0.02
996048,0.41
743274,0.05
108712,0.03
791878,0.07
322740,0.48
547532,0.4
301088,0.03
692174,0.11
631245,0.39
218153,0.03
947577,0.13
315181,0.0
649468,0.88
188037,0.01
837034,0.15
847450,0.0
605919,0.02
509283,0.02
402138,0.03
920272,0.0
832570,0.36
189676,0.05
855011,0.02
164932,0.03
600345,0.1
425241,0.06
100639,0.05
410597,0.03
695848,0.05
450159,0.44
198365,0.07
172289,0.05
586785,0.03
291370,0.07
665790,0.0
965593,0.0
178852,0.1
703724,0.0
481044,0.04
250102,0.3
940546,0.01
767205,0.17
914770,0.11
843900,0.22
945658,0.09
659859,0.06
585763,0.06
721013,0.07
434502,0.04
470420,0.1
271762,0.13
447689,0.24
355290,0.03
821620,0.04
977729,0.13
330567,0.02
511642,0.02
982992,0.02
703864,0.04
635154,0.01
301619,0.01
748379,0.08
541098,0.44
797400,0.1
472590,0.1
260772,0.1
970299,0.14
939944,0.1
971134,0.1
417618,0.02
112195,0.0
676797,0.01
588483,0.05
927563,0.14
176877,0.08
397528,0.38
116658,0.03
297289,0.03
184414,0.01
592217,0.06
762246,0.02
209018,0.09
452279,0.07
443498,0.01
444417,0.03
566036,0.05
359033,0.05
363376,0.01
955285,0.07
695581,0.05
843880,0.36
790881,0.01
664165,0.12
788012,0.06
560227,0.01
917864,0.06583333333333333
858869,0.0
931516,0.87
963981,0.76
360459,0.0
829791,0.0
824499,0.0
562074,0.04
119857,0.03
881333,0.07
447465,0.52
244428,0.07
800054,0.01
539418,0.02
299293,0.22
166739,0.95
402035,0.02
926644,0.1
394412,0.03
365839,0.02
310242,0.05
982513,0.0
387613,0.01
455967,0.35
602812,0.03
488249,0.02
681714,0.02
374026,0.05
286872,0.07
211700,0.02
135335,0.05
260466,0.0
783749,0.035
403551,0.05
202097,0.37
221552,0.03
797398,0.01
505109,0.06
571080,0.0
970402,0.26
697794,0.0
677625,0.01
993605,0.1
340419,0.01
671908,0.17
419394,0.023333333333333334
707246,0.01
178844,0.02
232710,0.68
958633,0.07
591098,0.1
531224,0.18
978145,0.07
466920,0.0
646292,0.06
976239,0.13
232860,0.0
827226,0.03
619130,0.07
273109,0.04
665617,0.0
473978,0.11
915981,0.44
656500,0.04
172991,0.06
487625,0.07
944681,0.51
414113,0.14
103394,0.01
917517,0.0
827284,0.02
576798,0.08
314538,0.05
666561,0.01
596522,0.0
314569,0.05
113129,0.03
927444,0.88
840529,0.33
232970,0.19
567027,0.33
298144,0.01
368681,0.09
541427,0.12
992454,0.0
305905,0.15
904136,0.07
238633,0.01
572014,0.01
575836,0.05
859658,0.05
867436,0.35
849091,0.48
374073,0.21
739929,0.12
114504,0.03
534825,0.01
368542,0.04
559424,0.03
304003,0.06
841434,0.03
689037,0.1
612328,0.36
982117,0.01
132025,0.01
932802,0.71
705144,0.03
325581,0.27
953424,0.1725
411323,0.47
723264,0.02
883374,0.11
497607,0.1
588128,0.05
736531,0.04
637589,0.02
457421,0.04
775928,0.06
378193,0.02
563157,0.05
212714,0.03
680358,0.08
835295,0.31
394998,0.04
698464,0.4
878608,0.05
127279,0.07
228002,0.03
360836,0.01
419626,0.42
424025,0.03
280984,0.17
606588,0.46
725553,0.08
256037,0.02
407517,0.55
550987,0.02
254741,0.06
758848,0.08
233557,0.02
991055,0.1
523990,0.05
123102,0.03
612149,0.01
105082,0.1
433715,0.0
801616,0.13
768801,0.15
691139,0.04
453354,0.01
457259,0.02
401721,0.02
108323,0.08
552744,0.01
590302,0.05
425530,0.35
706731,0.21
359825,0.12
519616,0.0
791895,0.34
242213,0.03
748712,0.0
273550,0.32
620388,0.31
686007,0.38
432587,0.06
873321,0.0
134572,0.36
381454,0.14
369608,0.02
100935,0.02
931973,0.82
609289,0.24
907865,0.22
449520,0.01
187185,0.02
912877,0.06
367908,0.04
356107,0.0
700751,0.07
133617,0.06
653767,0.1
891932,0.43
593494,0.0
503839,0.12
204206,0.43
206633,0.03
708186,0.28
214803,0.17
982092,0.0
770978,0.07
543785,0.04
954955,0.09
747759,0.05
689837,0.06
340416,0.05
310133,0.03
857355,0.07
445906,0.05
750487,0.05
844778,0.23
818233,0.01
958688,0.02
291607,0.18
182284,0.05
700533,0.06
411630,0.03
365833,0.17
116775,0.07
501682,0.01
335790,0.13
533676,0.15
450636,0.1
617086,0.05
560333,0.15
181717,0.32
174142,0.04
816812,0.08
561816,0.03
618445,0.01
824949,0.04
598877,0.19
597367,0.05
399579,0.01
307196,0.04
437407,0.0
166704,0.08666666666666668
151858,0.064
314058,0.06
901602,0.38
682165,0.01
341774,0.07
481365,0.04
705735,0.51
616573,0.06
750965,0.02
758564,0.88
190958,0.13
132704,0.0
146737,0.03
448883,0.01
504791,0.37
423280,0.15
245926,0.11
644849,0.41
944090,0.15
350927,0.23
112177,0.18
617791,0.0
329869,0.05
821932,0.04
881932,0.0
860311,0.05
646540,0.02
429020,0.0
273877,0.12
431435,0.04
348324,0.24
837319,0.05
386280,0.02
929039,0.09
927943,0.88
674366,0.07
735101,0.23
754747,0.28
141045,0.055
446836,0.1
242967,0.08
190848,0.72
946935,0.01
875053,0.42
718173,0.03
608775,0.48
344177,0.02
347314,0.01
194085,0.04
270918,0.21
202786,0.03
920723,0.0
815631,0.71
100695,0.0
228886,0.08
901449,0.02
131953,0.07
541846,0.25
874154,0.14
212545,0.06
863171,0.39
654430,0.22
470553,0.13
496015,0.41
834864,0.09
489260,0.02
196300,0.05
856073,0.02
481512,0.39
672387,0.06
577822,0.09
992221,0.27
933328,0.08
714190,0.04
433060,0.09
438275,0.09
713557,0.13
190716,0.03
122882,0.07
843541,0.29
964787,0.0
154975,0.0
241582,0.05
985589,0.11
790170,0.12
409162,0.05
434947,0.03
119930,0.01
990034,0.03
932921,0.02
791921,0.02
423771,0.08
820201,0.13
665019,0.24
790398,0.69
574765,0.28
541256,0.19
658456,0.04
139073,0.09
546379,0.05
907913,0.0
168395,0.02
761743,0.55
976566,0.01
839835,0.03
612589,0.11
398888,0.05
422530,0.12
587908,0.08
642460,0.93
490352,0.04
752185,0.03
429182,0.02
731789,0.0
210098,0.03
277446,0.01
882681,0.02
139964,0.05
398898,0.04
549877,0.04
798479,0.06
359811,0.02
832616,0.01
381505,0.03
114873,0.09
934252,0.06
563957,0.07
996051,0.03
753898,0.0
211026,0.01
921916,0.18
178084,0.08
438869,0.05
116911,0.19
177682,0.02
394473,0.01
712377,0.45
352291,0.01
260239,0.13
155843,0.02
145343,0.04
479932,0.16
207595,0.2
736971,0.4
339589,0.03
735330,0.11
441501,0.1
506103,0.05
782962,0.02
656761,0.51
463068,0.08
150388,0.03
828326,0.08
814953,0.16
353075,0.01
262607,0.02
158553,0.01
808007,0.11
165408,0.16
397627,0.1
883430,0.02
577644,0.03
393002,0.01
477869,0.35
137315,0.07
618243,0.02
633191,0.01
263684,0.06
557739,0.21
349093,0.0
201642,0.17
494518,0.42
416850,0.0
114373,0.41
751682,0.11
980690,0.39
148310,0.05
508335,0.01
688114,0.03
293779,0.01
697669,0.02
114824,0.16
961369,0.29
819784,0.07
729945,0.0
773442,0.33
759621,0.25
396780,0.23
842894,0.04
141698,0.43
790279,0.11
621648,0.1
871125,0.3
724884,0.23
639016,0.1
766745,0.03
236100,0.05
611296,0.08
503247,0.09
347594,0.09
238108,0.27
847704,0.02
441740,0.03
868069,0.01
498224,0.04
471541,0.14
572103,0.34
560375,0.27
396137,0.0
799354,0.04
507251,0.08
361339,0.03
666798,0.17
618882,0.04
374624,0.14
221742,0.0
728010,0.19
920691,0.01
129281,0.03
132109,0.02
269535,0.09
238829,0.04
315824,0.0
802378,0.45
438454,0.17
307262,0.07
378094,0.07
868624,0.29
770687,0.09
942831,0.01
982834,0.09
801777,0.32
882427,0.01
697561,0.08
645083,0.02
439767,0.01
525231,0.04
935999,0.07
819579,0.01
550966,0.48
335728,0.06
119591,0.03
881721,0.02
260605,0.03
150079,0.07
579312,0.19
101627,0.03
630319,0.25
433804,0.02
215372,0.08
300277,0.24
392491,0.21
973580,0.0
554308,0.04
738045,0.01
971171,0.08
159015,0.03
605377,0.02
854982,0.09
150898,0.02
479118,0.0
618358,0.02
939700,0.11
859555,0.04
513154,0.31
900003,0.0
994835,0.06
136889,0.32
855213,0.09
127639,0.04
246434,0.04
490474,0.22
458585,0.02
484918,0.0
441258,0.0
366693,0.01
854704,0.1
522373,0.03
339401,0.24
611216,0.03
917910,0.07
750141,0.64
187593,0.22
943193,0.01
273645,0.02
889566,0.03
551367,0.15
988165,0.46
668008,0.04
913576,0.2
905939,0.02
694754,0.12
390302,0.06
548714,0.08
844512,0.08
335121,0.07
904053,0.02
140211,0.02
547008,0.1
685152,0.0
376915,0.02
245329,0.06
816187,0.03
515199,0.03
484741,0.03
576405,0.16
769508,0.11
368254,0.32
181984,0.17
736427,0.11
586407,0.06
580633,0.01
782065,0.0
143757,0.02
647814,0.07
421111,0.05
220496,0.03
401359,0.08
643602,0.02
389502,0.3
915443,0.05
601622,0.02
566730,0.02
193652,0.02
225225,0.79
610948,0.05
248876,0.5
439701,0.04
458872,0.07
595743,0.02
450867,0.066
304580,0.07
842189,0.05
287289,0.01
299486,0.14
330678,0.09
940158,0.02
200516,0.34
817821,0.07
727793,0.08
772853,0.05
850917,0.17
468743,0.09
974990,0.03
827208,0.02
784628,0.0
717142,0.01
644763,0.24
646642,0.01
351090,0.1
449469,0.23
240530,0.01
346708,0.01
798895,0.03
899280,0.05
553271,0.03
318347,0.03
117122,0.04
312499,0.08
279420,0.15
955518,0.0
232690,0.36
957305,0.01
724407,0.01
614516,0.14
551866,0.02
222444,0.03
799705,0.31
338542,0.05
300649,0.06
190259,0.05
442677,0.04
902631,0.01
182840,0.74
836343,0.02
332516,0.01
270484,0.11
985763,0.09
149289,0.04
707313,0.09
423996,0.02
789825,0.01
230679,0.05
317821,0.05
887264,0.08
247286,0.01
443652,0.03
205477,0.82
442586,0.03
368887,0.06
615633,0.04
157456,0.11
179338,0.03
234561,0.41
644189,0.04
646740,0.01
352460,0.01
286042,0.33
133915,0.08
682387,0.2
730037,0.09
874242,0.04
106954,0.01
948555,0.02
707583,0.03
480484,0.06
233210,0.0
636477,0.03
180969,0.0
833856,0.06
333305,0.14
483005,0.01
654952,0.03
590505,0.04
284775,0.01
293397,0.03
158044,0.41
812220,0.07
234978,0.09
440798,0.29
531755,0.01
526980,0.05
666625,0.08
714500,0.09
116379,0.01
499090,0.04
573523,0.17
428753,0.01
381605,0.35
424681,0.12
530952,0.08
159152,0.08
559238,0.0
494854,0.73
757189,0.06
203629,0.07
432004,0.1
166202,0.03
940338,0.01
460423,0.16
961380,0.01
809538,0.0
312233,0.01
837163,0.02
286969,0.07
320766,0.19
371627,0.05
966572,0.01
394451,0.04
875687,0.03
824072,0.01
421967,0.08
229096,0.1
402536,0.09
627552,0.05
101480,0.07
356381,0.31
560338,0.03
690312,0.01
762007,0.01
741571,0.05
312552,0.03
697165,0.29
277174,0.57
296142,0.02
739676,0.07
877380,0.04
640697,0.04
833716,0.07
566643,0.71
704928,0.19
182377,0.02
564495,0.07
334667,0.05
452705,0.03
661715,0.06
248416,0.03
359711,0.07
584353,0.08
527220,0.05
302992,0.07
550841,0.58
236748,0.03
837206,0.04
521076,0.02
996653,0.46
725620,0.0
782627,0.21
815650,0.0
759072,0.02
354054,0.43
836564,0.08
966794,0.07
743772,0.0
494663,0.2
725527,0.01
884682,0.53
778360,0.05
751214,0.08
308452,0.22
481404,0.02
433743,0.01
115605,0.11
327063,0.17
478939,0.01
970477,0.45
418638,0.12
296602,0.04
511279,0.51
624080,0.41
379064,0.04
120556,0.13
596302,0.08
667294,0.19416666666666668
907465,0.08
301276,0.0
489583,0.15
683949,0.04
704080,0.16
417353,0.06
321624,0.11
473553,0.02
473910,0.04
857526,0.07
888792,0.14
532994,0.01
866254,0.02
931765,0.04
429092,0.15
162505,0.03
813062,0.15
276292,0.02
915286,0.01
533829,0.01
500382,0.03
852542,0.11
794469,0.03
408680,0.12
895643,0.03
885896,0.02
489148,0.0
250204,0.02
846727,0.01
130256,0.1
859016,0.06
406691,0.07
753568,0.5
548676,0.19
914761,0.05
595599,0.43
760206,0.0
408288,0.03
884490,0.58
862426,0.04
158963,0.02
684781,0.03
410569,0.08
656603,0.08
235328,0.02
835773,0.13
307875,0.11
763037,0.07
271805,0.79
939936,0.0
199015,0.07
930594,0.21
146874,0.05
661410,0.04
631621,0.02
458898,0.05
895401,0.03
234393,0.15166666666666667
272700,0.0
539860,0.04
977227,0.06
102721,0.01
386454,0.04
874747,0.56
182248,0.0
455108,0.03
103361,0.1
290368,0.08
880645,0.04
193704,0.02
715683,0.03
409455,0.28
729226,0.05
801429,0.18
214976,0.61
157257,0.16
751237,0.44
327366,0.0
333173,0.02
495636,0.58
690990,0.115
298559,0.02
812002,0.08
939241,0.02
969191,0.01
420240,0.03
585835,0.02
145499,0.03
646464,0.06
185709,0.0
953996,0.03
201905,0.06
121164,0.05
605975,0.37
673964,0.11
512169,0.01
370975,0.03
733128,0.05
522732,0.56
744259,0.0
219585,0.24
678606,0.09
966868,0.38
922223,0.21
104326,0.15
788870,0.0
829903,0.02
874577,0.16
373507,0.18
136860,0.08
175800,0.13
388677,0.6
316026,0.3
205418,0.72
478307,0.31
351061,0.03
981261,0.04
103418,0.09
418038,0.0
500462,0.13
284049,0.83
254296,0.01
181938,0.06
560666,0.01
933011,0.06
221268,0.02
440844,0.27
790679,0.47
930338,0.19
154447,0.12
415687,0.0
144248,0.04
801593,0.07
575850,0.03666666666666667
721667,0.2
883233,0.02
971393,0.02
780521,0.84
226541,0.23
181714,0.01
119966,0.02
466280,0.04
856598,0.01
129464,0.15
668944,0.06
289475,0.0
725971,0.03
919139,0.09
479922,0.11
656667,0.01
902533,0.01
593266,0.01
838278,0.07
685565,0.02
539895,0.03
742013,0.07
707164,0.01
580527,0.01
322703,0.0
999113,0.04
843645,0.75
800059,0.46
802358,0.01
697386,0.1
512879,0.85
453705,0.03
963410,0.09
608296,0.4
184260,0.01
775263,0.06
863030,0.12
410448,0.03
368748,0.02
738978,0.23
753588,0.36
612533,0.0
389681,0.06
766542,0.23
927568,0.01
838661,0.0475
597460,0.09
236862,0.07
968383,0.01
761370,0.07
132042,0.02
385556,0.11
260175,0.02
719836,0.13
687961,0.01
645648,0.02
715492,0.16
411292,0.02
672837,0.04
104652,0.03
977955,0.43
674501,0.4
661333,0.0
665626,0.04
467294,0.01
169659,0.4
960052,0.21
336072,0.09
810143,0.15
740036,0.01
392223,0.41
483104,0.0
228700,0.1
379838,0.02
203511,0.05833333333333334
535342,0.1
542056,0.01
861609,0.0
419914,0.01
726288,0.05
643156,0.01
761775,0.16
957480,0.04
731827,0.08
893827,0.43
514915,0.34
420496,0.07
773887,0.38
103850,0.16
936516,0.05
397350,0.02
114692,0.18
141354,0.06
762985,0.23
280511,0.14
762735,0.65
897230,0.07
285177,0.04
464889,0.12
854742,0.1
872819,0.03
173922,0.34
464105,0.38
426594,0.24
696895,0.59
854005,0.0
769367,0.14
130329,0.56
857236,0.03
700042,0.02
736423,0.02
744047,0.03
485530,0.04
267235,0.16
635090,0.09
286686,0.07
373445,0.11
976165,0.01
755470,0.02
119002,0.11
468450,0.06
857808,0.0
334710,0.0
741503,0.07
991100,0.51
360793,0.06
164162,0.07
969237,0.04
704541,0.1
111015,0.02
978852,0.06
622622,0.01
533302,0.19
874353,0.05
334116,0.57
522736,0.05
821496,0.03
375922,0.13
755514,0.02
860431,0.07
731564,0.01
698096,0.01
965180,0.1
369327,0.04
756786,0.03
544306,0.06
183279,0.04
557302,0.09
446506,0.02
171036,0.13
303389,0.2
517529,0.56
805997,0.02
446739,0.01
259606,0.4
361263,0.04
851993,0.16
102418,0.02
249251,0.03
623472,0.02
127382,0.24
116889,0.05
183289,0.12
199498,0.68
445588,0.12
939824,0.05
245312,0.09
763346,0.02
277599,0.02
370591,0.28
251762,0.03
214452,0.54
588935,0.02
782072,0.07
116371,0.04
773759,0.0
612330,0.11
986050,0.01
